frame,probability
0,0.014349
1,0.017021
2,0.010121
3,0.011829
4,0.010646
5,0.009970
6,0.008664
7,0.008663
8,0.008437
9,0.007234
10,0.006645
11,0.006544
12,0.005971
13,0.005674
14,0.005266
15,0.005206
16,0.005262
17,0.004917
18,0.047673
19,0.673296
20,0.896280
21,0.740907
22,0.263219
23,0.088164
24,0.110523
25,0.043069
26,0.138107
27,0.109594
28,0.062593
29,0.196164
30,0.101005
31,0.033476
32,0.015969
33,0.007621
34,0.004227
35,0.012987
36,0.009207
37,0.007107
38,0.008204
39,0.033062
40,0.012668
41,0.006342
42,0.002988
43,0.002125
44,0.002293
45,0.002571
46,0.034962
47,0.010319
48,0.006230
49,0.003834
50,0.003337
51,0.002666
52,0.002213
53,0.001839
54,0.001744
55,0.001608
56,0.001536
57,0.001519
58,0.001484
59,0.002881
60,0.002657
61,0.001241
62,0.001696
63,0.002473
64,0.003002
65,0.001705
66,0.002871
67,0.001488
68,0.001717
69,0.002172
70,0.001645
71,0.001628
72,0.001604
73,0.001504
74,0.002824
75,0.001757
76,0.001672
77,0.001778
78,0.008141
79,0.176588
80,0.119886
81,0.040313
82,0.022884
83,0.010749
84,0.015528
85,0.014252
86,0.005136
87,0.026449
88,0.028139
89,0.039215
90,0.012907
91,0.004667
92,0.005243
93,0.007044
94,0.003416
95,0.003193
96,0.015935
97,0.006538
98,0.004574
99,0.004151
100,0.005351
101,0.003534
102,0.008707
103,0.003626
104,0.000795
105,0.000754
106,0.000701
107,0.000693
108,0.000743
109,0.000768
110,0.000757
111,0.000719
112,0.000750
113,0.000697
114,0.000736
115,0.000688
116,0.000657
117,0.000628
