height,width,factor,min_pixels,max_pixels,out_height,out_width
1600,2560,28,3136,1003520,784,1260
768,1366,28,3136,1003520,728,1316
1080,1920,28,3136,1003520,728,1316
720,1280,28,3136,1003520,728,1288
2160,3840,28,3136,1003520,728,1316
1800,2880,28,3136,1003520,784,1260
768,1024,28,3136,1003520,756,1036
600,800,28,3136,1003520,588,812
480,640,28,3136,1003520,476,644
240,320,28,3136,1003520,252,308
100,100,28,3136,1003520,112,112
28,28,28,3136,1003520,56,56
1,1,28,3136,1003520,56,56
30,50,28,3136,1003520,56,84
20,4000,28,3136,1003520,28,4004
4000,20,28,3136,1003520,4004,28
25,5000,28,3136,1003520,28,5012
1,200,28,3136,1003520,28,196
201,1,28,3136,1003520,,
1920,3413,28,3136,1003520,728,1316
1153,2049,28,3136,1003520,728,1316
960,1707,28,3136,1003520,728,1316
2304,4096,28,3136,1003520,728,1316
4320,7680,28,3136,1003520,728,1316
1500,500,28,3136,1003520,1512,504
1600,2560,28,3136,12845056,1596,2548
768,1366,28,3136,12845056,756,1372
1080,1920,28,3136,12845056,1092,1932
720,1280,28,3136,12845056,728,1288
2160,3840,28,3136,12845056,2156,3836
1800,2880,28,3136,12845056,1792,2884
768,1024,28,3136,12845056,756,1036
600,800,28,3136,12845056,588,812
480,640,28,3136,12845056,476,644
240,320,28,3136,12845056,252,308
100,100,28,3136,12845056,112,112
28,28,28,3136,12845056,56,56
1,1,28,3136,12845056,56,56
30,50,28,3136,12845056,56,84
20,4000,28,3136,12845056,28,4004
4000,20,28,3136,12845056,4004,28
25,5000,28,3136,12845056,28,5012
1,200,28,3136,12845056,28,196
201,1,28,3136,12845056,,
1920,3413,28,3136,12845056,1932,3416
1153,2049,28,3136,12845056,1148,2044
960,1707,28,3136,12845056,952,1708
2304,4096,28,3136,12845056,2296,4088
4320,7680,28,3136,12845056,2688,4760
1500,500,28,3136,12845056,1512,504
1600,2560,32,65536,16777216,1600,2560
768,1366,32,65536,16777216,768,1376
1080,1920,32,65536,16777216,1088,1920
720,1280,32,65536,16777216,704,1280
2160,3840,32,65536,16777216,2176,3840
1800,2880,32,65536,16777216,1792,2880
768,1024,32,65536,16777216,768,1024
600,800,32,65536,16777216,608,800
480,640,32,65536,16777216,480,640
240,320,32,65536,16777216,256,320
100,100,32,65536,16777216,256,256
28,28,32,65536,16777216,256,256
1,1,32,65536,16777216,256,256
30,50,32,65536,16777216,224,352
20,4000,32,65536,16777216,32,4000
4000,20,32,65536,16777216,4000,32
25,5000,32,65536,16777216,32,4992
1,200,32,65536,16777216,32,3648
201,1,32,65536,16777216,,
1920,3413,32,65536,16777216,1920,3424
1153,2049,32,65536,16777216,1152,2048
960,1707,32,65536,16777216,960,1696
2304,4096,32,65536,16777216,2304,4096
4320,7680,32,65536,16777216,3072,5440
1500,500,32,65536,16777216,1504,512
1600,2560,32,3136,1003520,768,1248
768,1366,32,3136,1003520,736,1312
1080,1920,32,3136,1003520,736,1312
720,1280,32,3136,1003520,704,1280
2160,3840,32,3136,1003520,736,1312
1800,2880,32,3136,1003520,768,1248
768,1024,32,3136,1003520,768,1024
600,800,32,3136,1003520,608,800
480,640,32,3136,1003520,480,640
240,320,32,3136,1003520,256,320
100,100,32,3136,1003520,96,96
28,28,32,3136,1003520,64,64
1,1,32,3136,1003520,64,64
30,50,32,3136,1003520,64,96
20,4000,32,3136,1003520,32,4000
4000,20,32,3136,1003520,4000,32
25,5000,32,3136,1003520,32,4992
1,200,32,3136,1003520,32,192
201,1,32,3136,1003520,,
1920,3413,32,3136,1003520,736,1312
1153,2049,32,3136,1003520,736,1312
960,1707,32,3136,1003520,736,1312
2304,4096,32,3136,1003520,736,1312
4320,7680,32,3136,1003520,736,1312
1500,500,32,3136,1003520,1504,512
